epoch,time,train/box_loss,train/cls_loss,train/dfl_loss,metrics/precision(B),metrics/recall(B),metrics/mAP50(B),metrics/mAP50-95(B),val/box_loss,val/cls_loss,val/dfl_loss,lr/pg0,lr/pg1,lr/pg2,lr/pg3,lr/pg4,lr/pg5
1,73.9045,3.23578,12.3037,0.00523,0.04955,0.07032,0.01452,0.00477,2.1558,6.95292,0.00303,6.6373e-05,6.6373e-05,0.106968,0.000331865,0.000331865,0.107233
2,137.521,2.6057,4.29934,0.00376,0.08653,0.09178,0.03304,0.01186,2.00699,5.16893,0.00259,0.00013291,0.00013291,0.0537012,0.000664548,0.000664548,0.0542328
3,200.305,2.41709,3.17519,0.00325,0.07672,0.14905,0.05068,0.01847,2.15389,3.66761,0.00299,0.000198927,0.000198927,0.000433875,0.000994634,0.000994634,0.00122958
4,262.989,2.1611,2.31739,0.0028,0.21082,0.34446,0.16202,0.06763,1.76677,3.05241,0.00237,0.000198246,0.000198246,0.000198246,0.000991232,0.000991232,0.000991232
5,325.42,1.98922,1.90732,0.00248,0.3593,0.45173,0.26713,0.12918,1.61394,3.1574,0.00213,0.00019689,0.00019689,0.00019689,0.000984449,0.000984449,0.000984449
6,387.523,1.89968,1.70356,0.00231,0.41881,0.44458,0.3341,0.16674,1.66581,2.10905,0.00228,0.000195155,0.000195155,0.000195155,0.000975773,0.000975773,0.000975773
7,449.755,1.85122,1.57514,0.00218,0.43854,0.48868,0.35905,0.19385,1.49998,2.86151,0.00194,0.000193048,0.000193048,0.000193048,0.000965239,0.000965239,0.000965239
8,512.197,1.77993,1.4261,0.00207,0.47262,0.45054,0.39594,0.2203,1.52242,2.18193,0.0019,0.000190578,0.000190578,0.000190578,0.000952889,0.000952889,0.000952889
9,574.395,1.74877,1.36117,0.00198,0.43105,0.44458,0.34603,0.18863,1.54774,2.08327,0.00201,0.000187754,0.000187754,0.000187754,0.000938772,0.000938772,0.000938772
10,636.296,1.71368,1.28019,0.00191,0.38194,0.51251,0.34247,0.18997,1.48486,2.28871,0.00182,0.000184588,0.000184588,0.000184588,0.000922942,0.000922942,0.000922942
11,698.25,1.67634,1.27832,0.00184,0.37041,0.46841,0.34069,0.18616,1.50755,2.27849,0.00191,0.000181093,0.000181093,0.000181093,0.000905463,0.000905463,0.000905463
12,760.736,1.64394,1.26736,0.0018,0.44536,0.44458,0.38746,0.22,1.47273,2.13452,0.00188,0.000177281,0.000177281,0.000177281,0.000886404,0.000886404,0.000886404
13,822.668,1.62623,1.23764,0.00176,0.42227,0.40161,0.35289,0.20137,1.54369,2.02024,0.00196,0.000173168,0.000173168,0.000173168,0.000865839,0.000865839,0.000865839
14,884.76,1.62207,1.19472,0.00175,0.4195,0.47437,0.3789,0.21751,1.47057,2.09724,0.00193,0.00016877,0.00016877,0.00016877,0.000843851,0.000843851,0.000843851
15,946.863,1.5933,1.18134,0.0017,0.44203,0.43623,0.39679,0.23055,1.45928,1.98418,0.00188,0.000164105,0.000164105,0.000164105,0.000820525,0.000820525,0.000820525
16,1008.49,1.57961,1.1919,0.00167,0.48075,0.48335,0.43764,0.24855,1.44431,1.84009,0.00194,0.000159191,0.000159191,0.000159191,0.000795954,0.000795954,0.000795954
17,1070.43,1.51949,1.13218,0.0016,0.44187,0.43313,0.37666,0.21427,1.4783,2.14707,0.00194,0.000154047,0.000154047,0.000154047,0.000770234,0.000770234,0.000770234
18,1132.64,1.53178,1.15643,0.00161,0.45199,0.47557,0.44518,0.26704,1.41342,2.06794,0.00178,0.000148694,0.000148694,0.000148694,0.000743468,0.000743468,0.000743468
19,1194.73,1.54088,1.14231,0.0016,0.50474,0.48272,0.45598,0.2747,1.44002,2.25028,0.00181,0.000143152,0.000143152,0.000143152,0.000715761,0.000715761,0.000715761
20,1256.91,1.52102,1.1317,0.00157,0.50395,0.4565,0.43107,0.25331,1.48906,2.01955,0.00194,0.000137444,0.000137444,0.000137444,0.000687222,0.000687222,0.000687222
21,1319.34,1.49476,1.11337,0.00157,0.4984,0.43743,0.43719,0.26738,1.45755,1.95724,0.00184,0.000131593,0.000131593,0.000131593,0.000657963,0.000657963,0.000657963
22,1381.16,1.50072,1.08154,0.00156,0.47633,0.42789,0.42931,0.25474,1.43606,2.00952,0.00183,0.00012562,0.00012562,0.00012562,0.000628101,0.000628101,0.000628101
23,1443.3,1.45913,1.07335,0.00151,0.49726,0.441,0.4014,0.24208,1.54422,1.91029,0.00199,0.000119551,0.000119551,0.000119551,0.000597754,0.000597754,0.000597754
24,1505.17,1.47567,1.08299,0.00152,0.50162,0.41867,0.40181,0.24268,1.4904,1.90104,0.00192,0.000113408,0.000113408,0.000113408,0.00056704,0.00056704,0.00056704
25,1566.81,1.44401,1.08515,0.00147,0.52541,0.41478,0.41376,0.25504,1.5011,1.94755,0.00191,0.000107216,0.000107216,0.000107216,0.000536081,0.000536081,0.000536081
26,1628.31,1.43978,1.08298,0.00149,0.51423,0.38856,0.39041,0.23779,1.52153,1.99517,0.00205,0.000101,0.000101,0.000101,0.000505,0.000505,0.000505
27,1689.97,1.43724,1.07038,0.00147,0.51604,0.42908,0.40357,0.24548,1.44409,1.82136,0.00186,9.47837e-05,9.47837e-05,9.47837e-05,0.000473919,0.000473919,0.000473919
28,1751.89,1.42771,1.06684,0.00145,0.50498,0.42312,0.40781,0.2488,1.44468,1.81594,0.00187,8.8592e-05,8.8592e-05,8.8592e-05,0.00044296,0.00044296,0.00044296
29,1813.81,1.44051,1.07211,0.00147,0.48664,0.40644,0.38,0.23337,1.51391,1.88602,0.00196,8.24492e-05,8.24492e-05,8.24492e-05,0.000412246,0.000412246,0.000412246
30,1875.79,1.42649,1.05101,0.00145,0.51027,0.38737,0.39807,0.24948,1.44142,1.85252,0.0019,7.63797e-05,7.63797e-05,7.63797e-05,0.000381899,0.000381899,0.000381899
31,1937.96,1.41042,1.05808,0.00142,0.49567,0.40167,0.386,0.236,1.47721,1.93886,0.00189,7.04073e-05,7.04073e-05,7.04073e-05,0.000352037,0.000352037,0.000352037
32,1999.7,1.42584,1.05728,0.00144,0.48808,0.40882,0.38286,0.23756,1.45332,1.97344,0.00192,6.45557e-05,6.45557e-05,6.45557e-05,0.000322778,0.000322778,0.000322778
33,2061.63,1.42866,1.04302,0.00145,0.53272,0.41955,0.40981,0.25264,1.46439,1.9269,0.00189,5.88479e-05,5.88479e-05,5.88479e-05,0.000294239,0.000294239,0.000294239
34,2123.54,1.40548,1.05121,0.00142,0.49897,0.40286,0.38184,0.23116,1.51752,1.92575,0.00206,5.33064e-05,5.33064e-05,5.33064e-05,0.000266532,0.000266532,0.000266532
35,2185.14,1.38382,1.02604,0.0014,0.5187,0.41359,0.39162,0.23546,1.46201,1.9106,0.00187,4.79531e-05,4.79531e-05,4.79531e-05,0.000239766,0.000239766,0.000239766
36,2246.42,1.40693,1.03179,0.00143,0.50019,0.41836,0.38869,0.239,1.46958,1.94161,0.00192,4.28093e-05,4.28093e-05,4.28093e-05,0.000214046,0.000214046,0.000214046
37,2308,1.39783,1.01036,0.00142,0.5056,0.4112,0.39704,0.24418,1.49091,1.95429,0.00195,3.7895e-05,3.7895e-05,3.7895e-05,0.000189475,0.000189475,0.000189475
38,2372.23,1.38402,1.04111,0.00139,0.51081,0.40763,0.38796,0.23688,1.49724,1.97069,0.00194,3.32298e-05,3.32298e-05,3.32298e-05,0.000166149,0.000166149,0.000166149
39,2435.94,1.38996,1.02087,0.0014,0.51549,0.41836,0.40116,0.24323,1.48103,1.9103,0.00195,2.88321e-05,2.88321e-05,2.88321e-05,0.000144161,0.000144161,0.000144161
